,topic_number,topic_keywords
0,0,"[('cell', 0.017), ('gene', 0.016), ('mouse', 0.015), ('mutant', 0.01), ('embryonic', 0.009), ('embryo', 0.008), ('factor', 0.006), ('Abstract', 0.006), ('DNA', 0.006), ('individual', 0.006)]"
1,1,"[('mouse', 0.027), ('RanBP2', 0.01), ('γ2', 0.01), ('gene', 0.01), ('model', 0.007), ('human', 0.007), ('allele', 0.007), ('role', 0.006), ('function', 0.006), ('Abstract', 0.005)]"
2,2,"[('mouse', 0.019), ('gene', 0.008), ('development', 0.008), ('protein', 0.007), ('Abstract', 0.006), ('phenotype', 0.006), ('expression', 0.005), ('analysis', 0.005), ('model', 0.005), ('role', 0.005)]"
3,3,"[('mouse', 0.019), ('cell', 0.012), ('receptor', 0.011), ('D2', 0.01), ('dopamine', 0.009), ('bone', 0.009), ('channel', 0.007), ('differentiation', 0.007), ('glucagon', 0.006), ('secretion', 0.006)]"
4,4,"[('cell', 0.02), ('mouse', 0.014), ('protein', 0.014), ('PAX6', 0.007), ('locus', 0.007), ('signaling', 0.006), ('expression', 0.006), ('neural', 0.006), ('growth', 0.006), ('microtubule', 0.006)]"
5,5,"[('mouse', 0.026), ('gene', 0.019), ('cell', 0.011), ('olfactory', 0.01), ('receptor', 0.009), ('expression', 0.007), ('expressed', 0.007), ('model', 0.006), ('Abstract', 0.006), ('protein', 0.006)]"
6,6,"[('cell', 0.022), ('mouse', 0.014), ('development', 0.013), ('role', 0.01), ('gene', 0.01), ('receptor', 0.008), ('muscle', 0.008), ('signaling', 0.007), ('differentiation', 0.006), ('Abstract', 0.006)]"
7,7,"[('mouse', 0.024), ('gene', 0.018), ('cell', 0.013), ('expression', 0.013), ('protein', 0.012), ('study', 0.006), ('mutant', 0.006), ('Abstract', 0.005), ('development', 0.005), ('identified', 0.005)]"
8,8,"[('protein', 0.009), ('gene', 0.009), ('expression', 0.008), ('cell', 0.007), ('function', 0.007), ('mutant', 0.006), ('analysis', 0.006), ('sex', 0.006), ('kidney', 0.006), ('differentiation', 0.006)]"
